{"Baseline (Dummy)": {"accuracy": 0.5329268292682927, "f1_score": 0.6944768967188871, "roc_auc": 0.5}, "Random Forest": {"accuracy": 0.5195121951219512, "f1_score": 0.522229008164637, "roc_auc": 0.5305122456079088}, "XGBoost": {"accuracy": 0.4963414634146341, "f1_score": 0.4480084629942683, "roc_auc": 0.5199949004234367}}